Name,Username,Category,Subcategory
Sachin Tendulkar,,Sports,Cricket
Virat Kohli,,Sports,Cricket
MS Dhoni,,Sports,Cricket
Ricky Ponting,,Sports,Cricket
Brian Lara,,Sports,Cricket
Jacques Kallis,,Sports,Cricket
Shane Warne,,Sports,Cricket
Wasim Akram,,Sports,Cricket
Muttiah Muralitharan,,Sports,Cricket
Rahul Dravid,,Sports,Cricket
AB de Villiers,,Sports,Cricket
Chris Gayle,,Sports,Cricket
Kumar Sangakkara,,Sports,Cricket
Adam Gilchrist,,Sports,Cricket
Brett Lee,,Sports,Cricket
Glenn McGrath,,Sports,Cricket
Andrew Flintoff,,Sports,Cricket
Sourav Ganguly,,Sports,Cricket
Virender Sehwag,,Sports,Cricket
Kevin Pietersen,,Sports,Cricket
Imran Khan,,Sports,Cricket
Allan Border,,Sports,Cricket
Courtney Walsh,,Sports,Cricket
Michael Holding,,Sports,Cricket
Kapil Dev,,Sports,Cricket
Sunil Gavaskar,,Sports,Cricket
Anil Kumble,,Sports,Cricket
Javed Miandad,,Sports,Cricket
Inzamam-ul-Haq,,Sports,Cricket
Shaun Pollock,,Sports,Cricket
Graeme Smith,,Sports,Cricket
Mahela Jayawardene,,Sports,Cricket
Kumar Sangakkara,,Sports,Cricket
Lasith Malinga,,Sports,Cricket
Jacques Kallis,,Sports,Cricket
Brendon McCullum,,Sports,Cricket
Shane Bond,,Sports,Cricket
Steve Waugh,,Sports,Cricket
Mark Waugh,,Sports,Cricket
Viv Richards,,Sports,Cricket
Curtly Ambrose,,Sports,Cricket
Courtney Walsh,,Sports,Cricket
Ian Botham,,Sports,Cricket
David Gower,,Sports,Cricket
Andrew Strauss,,Sports,Cricket
Graeme Swann,,Sports,Cricket
Alastair Cook,,Sports,Cricket
Joe Root,,Sports,Cricket
Ben Stokes,,Sports,Cricket
James Anderson,,Sports,Cricket
Stuart Broad,,Sports,Cricket
Jos Buttler,,Sports,Cricket
Kane Williamson,,Sports,Cricket
Ross Taylor,,Sports,Cricket
Daniel Vettori,,Sports,Cricket
Shoaib Akhtar,,Sports,Cricket
Waqar Younis,,Sports,Cricket
Saqlain Mushtaq,,Sports,Cricket
Abdul Qadir,,Sports,Cricket
Saeed Anwar,,Sports,Cricket
Mohammad Yousuf,,Sports,Cricket
Shahid Afridi,,Sports,Cricket
Wasim Akram,,Sports,Cricket
Misbah-ul-Haq,,Sports,Cricket
Shoaib Malik,,Sports,Cricket
Azhar Mahmood,,Sports,Cricket
Kamran Akmal,,Sports,Cricket
Younis Khan,,Sports,Cricket
Mohammad Hafeez,,Sports,Cricket
Umar Gul,,Sports,Cricket
Shahid Afridi,,Sports,Cricket
Faf du Plessis,,Sports,Cricket
Hashim Amla,,Sports,Cricket
AB de Villiers,,Sports,Cricket
Dale Steyn,,Sports,Cricket
Kagiso Rabada,,Sports,Cricket
Quinton de Kock,,Sports,Cricket
Faf du Plessis,,Sports,Cricket
Graeme Smith,,Sports,Cricket
Mark Boucher,,Sports,Cricket
Barry Richards,,Sports,Cricket
Lance Klusener,,Sports,Cricket
Paul Adams,,Sports,Cricket
Mike Procter,,Sports,Cricket
Kepler Wessels,,Sports,Cricket
Allan Donald,,Sports,Cricket
Clive Rice,,Sports,Cricket
Jonty Rhodes,,Sports,Cricket
Hansie Cronje,,Sports,Cricket
Jacques Rudolph,,Sports,Cricket
AB de Villiers,,Sports,Cricket
Shaun Pollock,,Sports,Cricket
Makhaya Ntini,,Sports,Cricket
Vernon Philander,,Sports,Cricket
David Miller,,Sports,Cricket
Herschelle Gibbs,,Sports,Cricket
Morne Morkel,,Sports,Cricket
Dale Steyn,,Sports,Cricket
Shaun Pollock,,Sports,Cricket
Imran Tahir,,Sports,Cricket
Ravi Shastri,,Sports,Cricket
Ajinkya Rahane,,Sports,Cricket
Ravindra Jadeja,,Sports,Cricket
Yuvraj Singh,,Sports,Cricket
Gautam Gambhir,,Sports,Cricket
Harbhajan Singh,,Sports,Cricket
Zaheer Khan,,Sports,Cricket
Irfan Pathan,,Sports,Cricket
Yusuf Pathan,,Sports,Cricket
Mohammad Kaif,,Sports,Cricket
Vinod Kambli,,Sports,Cricket
Robin Singh,,Sports,Cricket
VVS Laxman,,Sports,Cricket
Venkatesh Prasad,,Sports,Cricket
Ashish Nehra,,Sports,Cricket
Anil Kumble,,Sports,Cricket
Virender Sehwag,,Sports,Cricket
Wasim Jaffer,,Sports,Cricket
Parthiv Patel,,Sports,Cricket
Munaf Patel,,Sports,Cricket
RP Singh,,Sports,Cricket
Pragyan Ojha,,Sports,Cricket
Murali Kartik,,Sports,Cricket
Sourav Ganguly,,Sports,Cricket
Mohammad Azharuddin,,Sports,Cricket
Suresh Raina,,Sports,Cricket
Dinesh Karthik,,Sports,Cricket
Manoj Tiwary,,Sports,Cricket
Wriddhiman Saha,,Sports,Cricket
Ambati Rayudu,,Sports,Cricket
Cheteshwar Pujara,,Sports,Cricket
Ravichandran Ashwin,,Sports,Cricket
Ishant Sharma,,Sports,Cricket
Bhuvneshwar Kumar,,Sports,Cricket
Mohammed Shami,,Sports,Cricket
Umesh Yadav,,Sports,Cricket
Shikhar Dhawan,,Sports,Cricket
KL Rahul,,Sports,Cricket
Hardik Pandya,,Sports,Cricket
Jasprit Bumrah,,Sports,Cricket
Kuldeep Yadav,,Sports,Cricket
Yuzvendra Chahal,,Sports,Cricket
Rishabh Pant,,Sports,Cricket
Mayank Agarwal,,Sports,Cricket
Prithvi Shaw,,Sports,Cricket
Hanuma Vihari,,Sports,Cricket
Axar Patel,,Sports,Cricket
Shardul Thakur,,Sports,Cricket
Washington Sundar,,Sports,Cricket
Mohammed Siraj,,Sports,Cricket
Shardul Thakur,,Sports,Cricket
Cameron Green,,Sports,Cricket
Marnus Labuschagne,,Sports,Cricket
Pat Cummins,,Sports,Cricket
Josh Hazlewood,,Sports,Cricket
Mitchell Starc,,Sports,Cricket
Nathan Lyon,,Sports,Cricket
Tim Paine,,Sports,Cricket
Steve Smith,,Sports,Cricket
David Warner,,Sports,Cricket
Glenn Maxwell,,Sports,Cricket
Marcus Stoinis,,Sports,Cricket
Aaron Finch,,Sports,Cricket
Usman Khawaja,,Sports,Cricket
Shaun Marsh,,Sports,Cricket
Matthew Wade,,Sports,Cricket
Peter Handscomb,,Sports,Cricket
James Pattinson,,Sports,Cricket
Mitchell Marsh,,Sports,Cricket
Adam Zampa,,Sports,Cricket
Ashton Agar,,Sports,Cricket
D'Arcy Short,,Sports,Cricket
Josh Philippe,,Sports,Cricket
Alex Carey,,Sports,Cricket
Moises Henriques,,Sports,Cricket
Mitchell Johnson,,Sports,Cricket
Glenn McGrath,,Sports,Cricket
Shane Warne,,Sports,Cricket
Michael Clarke,,Sports,Cricket
Ricky Ponting,,Sports,Cricket
Andrew Symonds,,Sports,Cricket
Adam Gilchrist,,Sports,Cricket
Mark Waugh,,Sports,Cricket
Steve Waugh,,Sports,Cricket
Brett Lee,,Sports,Cricket
Jason Gillespie,,Sports,Cricket
Michael Hussey,,Sports,Cricket
Andrew Flintoff,,Sports,Cricket
Kevin Pietersen,,Sports,Cricket
Graeme Swann,,Sports,Cricket
James Anderson,,Sports,Cricket
Stuart Broad,,Sports,Cricket
Alastair Cook,,Sports,Cricket
Joe Root,,Sports,Cricket
Ben Stokes,,Sports,Cricket
Jonny Bairstow,,Sports,Cricket
Jos Buttler,,Sports,Cricket
Eoin Morgan,,Sports,Cricket
Chris Woakes,,Sports,Cricket
Jofra Archer,,Sports,Cricket
Moeen Ali,,Sports,Cricket
Adil Rashid,,Sports,Cricket
Sam Curran,,Sports,Cricket
Tom Curran,,Sports,Cricket
Jason Roy,,Sports,Cricket
Alex Hales,,Sports,Cricket
Liam Plunkett,,Sports,Cricket
Dawid Malan,,Sports,Cricket
Chris Jordan,,Sports,Cricket
Mark Wood,,Sports,Cricket
Joe Denly,,Sports,Cricket
Jack Leach,,Sports,Cricket
Dom Bess,,Sports,Cricket
Rory Burns,,Sports,Cricket
Ollie Pope,,Sports,Cricket
Zak Crawley,,Sports,Cricket
Sam Billings,,Sports,Cricket
Daniel Vettori,,Sports,Cricket
Brendon McCullum,,Sports,Cricket
Ross Taylor,,Sports,Cricket
Faf du Plessis,,Sports,Cricket
AB de Villiers,,Sports,Cricket
Kagiso Rabada,,Sports,Cricket
Quinton de Kock,,Sports,Cricket
Dale Steyn,,Sports,Cricket
Hashim Amla,,Sports,Cricket
JP Duminy,,Sports,Cricket
Vernon Philander,,Sports,Cricket
Imran Tahir,,Sports,Cricket
David Miller,,Sports,Cricket
Temba Bavuma,,Sports,Cricket
Lungi Ngidi,,Sports,Cricket
Chris Morris,,Sports,Cricket
Keshav Maharaj,,Sports,Cricket
Anrich Nortje,,Sports,Cricket
Rassie van der Dussen,,Sports,Cricket
Dean Elgar,,Sports,Cricket
Heinrich Klaasen,,Sports,Cricket
Tabraiz Shamsi,,Sports,Cricket
Aiden Markram,,Sports,Cricket
Andile Phehlukwayo,,Sports,Cricket
Kagiso Rabada,,Sports,Cricket
Shikhar Dhawan,,Sports,Cricket
Ravindra Jadeja,,Sports,Cricket
Ajinkya Rahane,,Sports,Cricket
Ishant Sharma,,Sports,Cricket
Jasprit Bumrah,,Sports,Cricket
Mohammed Shami,,Sports,Cricket
Hardik Pandya,,Sports,Cricket
Ravichandran Ashwin,,Sports,Cricket
Bhuvneshwar Kumar,,Sports,Cricket
KL Rahul,,Sports,Cricket
Mayank Agarwal,,Sports,Cricket
Hanuma Vihari,,Sports,Cricket
Prithvi Shaw,,Sports,Cricket
Shardul Thakur,,Sports,Cricket
Mohammed Siraj,,Sports,Cricket
Wriddhiman Saha,,Sports,Cricket
Umesh Yadav,,Sports,Cricket
Cheteshwar Pujara,,Sports,Cricket
Ross Taylor,,Sports,Cricket
Kane Williamson,,Sports,Cricket
Trent Boult,,Sports,Cricket
Lockie Ferguson,,Sports,Cricket
Colin de Grandhomme,,Sports,Cricket
Tim Southee,,Sports,Cricket
Tom Latham,,Sports,Cricket
Neil Wagner,,Sports,Cricket
Kyle Jamieson,,Sports,Cricket
Devon Conway,,Sports,Cricket
Mitchell Santner,,Sports,Cricket
BJ Watling,,Sports,Cricket
Henry Nicholls,,Sports,Cricket
Matt Henry,,Sports,Cricket
Doug Bracewell,,Sports,Cricket
Todd Astle,,Sports,Cricket
Daryl Mitchell,,Sports,Cricket
Will Young,,Sports,Cricket
Ajaz Patel,,Sports,Cricket
Hamish Bennett,,Sports,Cricket
Glenn Phillips,,Sports,Cricket
Adam Milne,,Sports,Cricket
Jacob Duffy,,Sports,Cricket
Blair Tickner,,Sports,Cricket
Mark Chapman,,Sports,Cricket
Scott Kuggeleijn,,Sports,Cricket
George Worker,,Sports,Cricket
Tom Blundell,,Sports,Cricket
Jeet Raval,,Sports,Cricket
Matt Henry,,Sports,Cricket
Colin Munro,,Sports,Cricket
Corey Anderson,,Sports,Cricket
Lockie Ferguson,,Sports,Cricket
Mark Craig,,Sports,Cricket
Hamish Rutherford,,Sports,Cricket
Jacob Duffy,,Sports,Cricket
Doug Bracewell,,Sports,Cricket
Neil Wagner,,Sports,Cricket
Matt Henry,,Sports,Cricket
Logan van Beek,,Sports,Cricket
Michael Rippon,,Sports,Cricket
Ish Sodhi,,Sports,Cricket
Mitchell McClenaghan,,Sports,Cricket
Anton Devcich,,Sports,Cricket
Seth Rance,,Sports,Cricket
Blair Tickner,,Sports,Cricket
Todd Astle,,Sports,Cricket
Michael Bracewell,,Sports,Cricket
James Neesham,,Sports,Cricket
Michael Rae,,Sports,Cricket
Lionel Messi,,Sports,Football
Cristiano Ronaldo,,Sports,Football
Neymar Jr.,,Sports,Football
Robert Lewandowski,,Sports,Football
Kylian Mbappé,,Sports,Football
Mohamed Salah,,Sports,Football
Kevin De Bruyne,,Sports,Football
Harry Kane,,Sports,Football
Erling Haaland,,Sports,Football
Virgil van Dijk,,Sports,Football
Sergio Ramos,,Sports,Football
Joshua Kimmich,,Sports,Football
Sadio Mané,,Sports,Football
Bruno Fernandes,,Sports,Football
Karim Benzema,,Sports,Football
Manuel Neuer,,Sports,Football
Luis Suárez,,Sports,Football
Son Heung-min,,Sports,Football
Alisson Becker,,Sports,Football
Raheem Sterling,,Sports,Football
Romelu Lukaku,,Sports,Football
Trent Alexander-Arnold,,Sports,Football
Jan Oblak,,Sports,Football
N'Golo Kanté,,Sports,Football
Heung-min Son,,Sports,Football
Romelu Lukaku,,Sports,Football
Casemiro,,Sports,Football
Paulo Dybala,,Sports,Football
Jamie Vardy,,Sports,Football
Thiago Alcântara,,Sports,Football
Riyad Mahrez,,Sports,Football
Andrew Robertson,,Sports,Football
Ederson,,Sports,Football
Kalidou Koulibaly,,Sports,Football
Marc-André ter Stegen,,Sports,Football
Aymeric Laporte,,Sports,Football
Roberto Firmino,,Sports,Football
Marco Reus,,Sports,Football
Jadon Sancho,,Sports,Football
Ciro Immobile,,Sports,Football
Luis Alberto,,Sports,Football
Raphaël Varane,,Sports,Football
Hakim Ziyech,,Sports,Football
Thomas Müller,,Sports,Football
Frenkie de Jong,,Sports,Football
Marcus Rashford,,Sports,Football
Miralem Pjanić,,Sports,Football
João Félix,,Sports,Football
Antoine Griezmann,,Sports,Football
Serge Gnabry,,Sports,Football
Virgil van Dijk,,Sports,Football
Erling Haaland,,Sports,Football
Thiago Silva,,Sports,Football
Timo Werner,,Sports,Football
Gerard Piqué,,Sports,Football
Marquinhos,,Sports,Football
Achraf Hakimi,,Sports,Football
Jordi Alba,,Sports,Football
João Cancelo,,Sports,Football
Toby Alderweireld,,Sports,Football
Keylor Navas,,Sports,Football
Jorginho,,Sports,Football
Ángel Di María,,Sports,Football
Lautaro Martínez,,Sports,Football
Leon Goretzka,,Sports,Football
Dani Carvajal,,Sports,Football
João Moutinho,,Sports,Football
Nicolas Pépé,,Sports,Football
Dries Mertens,,Sports,Football
Jordan Henderson,,Sports,Football
Yannick Carrasco,,Sports,Football
Héctor Bellerín,,Sports,Football
Kai Havertz,,Sports,Football
Milan Škriniar,,Sports,Football
Jack Grealish,,Sports,Football
Sergej Milinković-Savić,,Sports,Football
Kalvin Phillips,,Sports,Football
Rodrigo,,Sports,Football
Achraf Hakimi,,Sports,Football
Dayot Upamecano,,Sports,Football
Alex Telles,,Sports,Football
Paulo Dybala,,Sports,Football
Harry Maguire,,Sports,Football
Milan Škriniar,,Sports,Football
Wilfred Ndidi,,Sports,Football
Memphis Depay,,Sports,Football
David Alaba,,Sports,Football
Jamie Vardy,,Sports,Football
Rúben Neves,,Sports,Football
Mason Mount,,Sports,Football
Thomas Partey,,Sports,Football
Leroy Sané,,Sports,Football
Hakim Ziyech,,Sports,Football
Declan Rice,,Sports,Football
Federico Valverde,,Sports,Football
Edinson Cavani,,Sports,Football
Rúben Dias,,Sports,Football
Sergio Agüero,,Sports,Football
Erling Braut Haaland,,Sports,Football
Ansu Fati,,Sports,Football
LeBron James,,Sports,Basketball
Kevin Durant,,Sports,Basketball
Giannis Antetokounmpo,,Sports,Basketball
Stephen Curry,,Sports,Basketball
Kawhi Leonard,,Sports,Basketball
James Harden,,Sports,Basketball
Luka Dončić,,Sports,Basketball
Anthony Davis,,Sports,Basketball
Damian Lillard,,Sports,Basketball
Joel Embiid,,Sports,Basketball
Nikola Jokić,,Sports,Basketball
Jimmy Butler,,Sports,Basketball
Jayson Tatum,,Sports,Basketball
Russell Westbrook,,Sports,Basketball
Chris Paul,,Sports,Basketball
Donovan Mitchell,,Sports,Basketball
Devin Booker,,Sports,Basketball
Jaylen Brown,,Sports,Basketball
Zach LaVine,,Sports,Basketball
Paul George,,Sports,Basketball
Khris Middleton,,Sports,Basketball
Kyrie Irving,,Sports,Basketball
Bradley Beal,,Sports,Basketball
Trae Young,,Sports,Basketball
Rudy Gobert,,Sports,Basketball
Draymond Green,,Sports,Basketball
Ben Simmons,,Sports,Basketball
Domantas Sabonis,,Sports,Basketball
De'Aaron Fox,,Sports,Basketball
Julius Randle,,Sports,Basketball
Brandon Ingram,,Sports,Basketball
DeMar DeRozan,,Sports,Basketball
Kemba Walker,,Sports,Basketball
Gordon Hayward,,Sports,Basketball
Shai Gilgeous-Alexander,,Sports,Basketball
Clint Capela,,Sports,Basketball
John Wall,,Sports,Basketball
CJ McCollum,,Sports,Basketball
Tobias Harris,,Sports,Basketball
Kyle Lowry,,Sports,Basketball
Mike Conley,,Sports,Basketball
Jrue Holiday,,Sports,Basketball
Zion Williamson,,Sports,Basketball
Christian Wood,,Sports,Basketball
Deandre Ayton,,Sports,Basketball
Kristaps Porziņģis,,Sports,Basketball
Lonzo Ball,,Sports,Basketball
LaMelo Ball,,Sports,Basketball
Malcolm Brogdon,,Sports,Basketball
Andre Drummond,,Sports,Basketball
Tobias Harris,,Sports,Basketball
Fred VanVleet,,Sports,Basketball
Terry Rozier,,Sports,Basketball
Buddy Hield,,Sports,Basketball
Bam Adebayo,,Sports,Basketball
Julius Randle,,Sports,Basketball
D'Angelo Russell,,Sports,Basketball
Al Horford,,Sports,Basketball
Jaren Jackson Jr.,,Sports,Basketball
Jarrett Allen,,Sports,Basketball
Collin Sexton,,Sports,Basketball
Klay Thompson,,Sports,Basketball
Myles Turner,,Sports,Basketball
Eric Bledsoe,,Sports,Basketball
Jeremy Grant,,Sports,Basketball
Kevin Love,,Sports,Basketball
Dejounte Murray,,Sports,Basketball
Victor Oladipo,,Sports,Basketball
Devonte' Graham,,Sports,Basketball
Jamal Murray,,Sports,Basketball
Montrezl Harrell,,Sports,Basketball
Marc Gasol,,Sports,Basketball
Norman Powell,,Sports,Basketball
Kelly Oubre Jr.,,Sports,Basketball
Derrick Rose,,Sports,Basketball
Ricky Rubio,,Sports,Basketball
Bojan Bogdanović,,Sports,Basketball
Dennis Schröder,,Sports,Basketball
Joe Ingles,,Sports,Basketball
T.J. Warren,,Sports,Basketball
Gary Harris,,Sports,Basketball
Otto Porter Jr.,,Sports,Basketball
Lonnie Walker IV,,Sports,Basketball
Danny Green,,Sports,Basketball
Harrison Barnes,,Sports,Basketball
Coby White,,Sports,Basketball
Delon Wright,,Sports,Basketball
John Collins,,Sports,Basketball
Marcus Smart,,Sports,Basketball
Aaron Gordon,,Sports,Basketball
Derrick White,,Sports,Basketball
Will Barton,,Sports,Basketball
Evan Fournier,,Sports,Basketball
Bogdan Bogdanović,,Sports,Basketball
Danilo Gallinari,,Sports,Basketball
Kyle Kuzma,,Sports,Basketball
RJ Barrett,,Sports,Basketball
Dillon Brooks,,Sports,Basketball
Gordon Hayward,,Sports,Basketball
Goran Dragić,,Sports,Basketball
Novak Djokovic,,Sports,Tennis
Rafael Nadal,,Sports,Tennis
Roger Federer,,Sports,Tennis
Dominic Thiem,,Sports,Tennis
Daniil Medvedev,,Sports,Tennis
Stefanos Tsitsipas,,Sports,Tennis
Alexander Zverev,,Sports,Tennis
Andrey Rublev,,Sports,Tennis
Diego Schwartzman,,Sports,Tennis
Matteo Berrettini,,Sports,Tennis
Gael Monfils,,Sports,Tennis
Roberto Bautista Agut,,Sports,Tennis
Pablo Carreño Busta,,Sports,Tennis
Denis Shapovalov,,Sports,Tennis
David Goffin,,Sports,Tennis
Grigor Dimitrov,,Sports,Tennis
Fabio Fognini,,Sports,Tennis
Stan Wawrinka,,Sports,Tennis
Milos Raonic,,Sports,Tennis
Felix Auger-Aliassime,,Sports,Tennis
Cristian Garin,,Sports,Tennis
Karen Khachanov,,Sports,Tennis
Borna Ćorić,,Sports,Tennis
Casper Ruud,,Sports,Tennis
Alex de Minaur,,Sports,Tennis
Taylor Fritz,,Sports,Tennis
Hubert Hurkacz,,Sports,Tennis
John Isner,,Sports,Tennis
Lorenzo Sonego,,Sports,Tennis
Jannik Sinner,,Sports,Tennis
Daniel Evans,,Sports,Tennis
Aslan Karatsev,,Sports,Tennis
Reilly Opelka,,Sports,Tennis
Ugo Humbert,,Sports,Tennis
Nikoloz Basilashvili,,Sports,Tennis
Kei Nishikori,,Sports,Tennis
Adrian Mannarino,,Sports,Tennis
Alexei Popyrin,,Sports,Tennis
Benoît Paire,,Sports,Tennis
Jan-Lennard Struff,,Sports,Tennis
Marin Čilić,,Sports,Tennis
Sebastian Korda,,Sports,Tennis
Lloyd Harris,,Sports,Tennis
Miomir Kecmanović,,Sports,Tennis
Richard Gasquet,,Sports,Tennis
Albert Ramos-Viñolas,,Sports,Tennis
Tennys Sandgren,,Sports,Tennis
Jordan Thompson,,Sports,Tennis
Frances Tiafoe,,Sports,Tennis
Pablo Cuevas,,Sports,Tennis
Yoshihito Nishioka,,Sports,Tennis
Philipp Kohlschreiber,,Sports,Tennis
Gilles Simon,,Sports,Tennis
Tommy Paul,,Sports,Tennis
Pablo Andújar,,Sports,Tennis
Feliciano López,,Sports,Tennis
João Sousa,,Sports,Tennis
Marcos Giron,,Sports,Tennis
Jo-Wilfried Tsonga,,Sports,Tennis
Frances Tiafoe,,Sports,Tennis
Dominik Koepfer,,Sports,Tennis
Federico Delbonis,,Sports,Tennis
Sam Querrey,,Sports,Tennis
Steve Johnson,,Sports,Tennis
Mackenzie McDonald,,Sports,Tennis
Ilya Ivashka,,Sports,Tennis
Thanasi Kokkinakis,,Sports,Tennis
Marcos Giron,,Sports,Tennis
Federico Coria,,Sports,Tennis
Marco Cecchinato,,Sports,Tennis
Cameron Norrie,,Sports,Tennis
James Duckworth,,Sports,Tennis
Aljaz Bedene,,Sports,Tennis
Marton Fucsovics,,Sports,Tennis
João Sousa,,Sports,Tennis
Guido Pella,,Sports,Tennis
Yannick Hanfmann,,Sports,Tennis
Salvatore Caruso,,Sports,Tennis
Corentin Moutet,,Sports,Tennis
Mikael Ymer,,Sports,Tennis
Soonwoo Kwon,,Sports,Tennis
Stefano Travaglia,,Sports,Tennis
Radu Albot,,Sports,Tennis
Gianluca Mager,,Sports,Tennis
Alejandro Davidovich Fokina,,Sports,Tennis
Jordan Thompson,,Sports,Tennis
Ricardas Berankis,,Sports,Tennis
Dominik Koepfer,,Sports,Tennis
Thiago Monteiro,,Sports,Tennis
Denis Kudla,,Sports,Tennis
Andreas Seppi,,Sports,Tennis
Marcos Giron,,Sports,Tennis
Jaume Munar,,Sports,Tennis
Jaume Munar,,Sports,Tennis
Tennys Sandgren,,Sports,Tennis
Tommy Paul,,Sports,Tennis
Feliciano López,,Sports,Tennis
João Sousa,,Sports,Tennis
Marco Cecchinato,,Sports,Tennis
Marton Fucsovics,,Sports,Tennis
Tiger Woods,,Sports,Golf
Rory McIlroy,,Sports,Golf
Dustin Johnson,,Sports,Golf
Justin Thomas,,Sports,Golf
Jon Rahm,,Sports,Golf
Canelo Alvarez,,Sports,Boxing
Tyson Fury,,Sports,Boxing
Anthony Joshua,,Sports,Boxing
Terence Crawford,,Sports,Boxing
Gennady Golovkin,,Sports,Boxing
Michael Phelps,,Sports,Swimming
Katie Ledecky,,Sports,Swimming
Caeleb Dressel,,Sports,Swimming
Adam Peaty,,Sports,Swimming
Sarah Sjöström,,Sports,Swimming
Usain Bolt,,Sports,Athletics
Eliud Kipchoge,,Sports,Athletics
Allyson Felix,,Sports,Athletics
Shelly-Ann Fraser-Pryce,,Sports,Athletics
Mo Farah,,Sports,Athletics
Khabib Nurmagomedov,,Sports,Mixed Martial Arts
Jon Jones,,Sports,Mixed Martial Arts
Israel Adesanya,,Sports,Mixed Martial Arts
Kamaru Usman,,Sports,Mixed Martial Arts
Amanda Nunes,,Sports,Mixed Martial Arts
Kento Momota,,Sports,Badminton
Viktor Axelsen,,Sports,Badminton
Tai Tzu-ying,,Sports,Badminton
Carolina Marín,,Sports,Badminton
PV Sindhu,,Sports,Badminton
Lewis Hamilton,,Sports,Formula 1 Racing
Sebastian Vettel,,Sports,Formula 1 Racing
Fernando Alonso,,Sports,Formula 1 Racing
Max Verstappen,,Sports,Formula 1 Racing
Kimi Räikkönen,,Sports,Formula 1 Racing
Valentino Rossi,,Sports,MotoGP
Marc Márquez,,Sports,MotoGP
Jorge Lorenzo,,Sports,MotoGP
Andrea Dovizioso,,Sports,MotoGP
Casey Stoner,,Sports,MotoGP
Simone Biles,,Sports,Gymnastics
Kohei Uchimura,,Sports,Gymnastics
Larisa Iordache,,Sports,Gymnastics
Max Whitlock,,Sports,Gymnastics
Aliya Mustafina,,Sports,Gymnastics
Yana Kudryavtseva,,Sports,Gymnastics
Margarita Mamun,,Sports,Gymnastics
Dina Averina,,Sports,Gymnastics
Evgenia Kanaeva,,Sports,Gymnastics
Alina Kabaeva,,Sports,Gymnastics
Ivan Gerasimov,,Sports,Gymnastics
Marina Chernova,,Sports,Gymnastics
Konstantin Pilipchuk,,Sports,Gymnastics
Yulia Nikitina,,Sports,Gymnastics
Yevgeny Korotkov,,Sports,Gymnastics
,,Sports,
,,Sports,
,,Sports,
,,Sports,
,,Sports,
,,Sports,
,,Sports,
,,Sports,
,,Sports,
,,Sports,
,,Sports,
,,Sports,
,,Sports,
,,Sports,
,,Sports,
